From Branch,To Branch,Item# / SKU,Cat Cd,Effective From,Effective Thru,Percent Markup,From Branch Description,Short Item No,Alternate Item # / SKU,Reverse active lane
        AU01,        IN01,, ,01/29/2013,12/31/2069,10,MELBOURNE AU,,,no
        AU01,        IN03,, ,09/29/2023,12/31/2069,10,MELBOURNE AU,,,no
        AU01,        NZ01,, ,02/21/2025,12/31/2069,80,MELBOURNE AU,,,no
        AU01,        NZ04,, ,02/21/2025,12/31/2069,80,MELBOURNE AU,,,yes
        AU01,        US39,, ,03/05/2025,12/31/2069,70,MELBOURNE AU,,,yes
        AU02,        AU01,,A02,06/13/2023,12/31/2069,0,NEWCASTLE AU,,,
        AU02,        CN02,, ,08/19/2016,12/31/2069,50,NEWCASTLE AU,,,no
        AU02,        CN04,, ,08/19/2016,12/31/2069,50,NEWCASTLE AU,,,no
        AU02,        EU50,, ,02/19/2024,12/31/2069,30,NEWCASTLE AU,,,no
        AU02,        GB01,, ,02/19/2024,12/31/2069,30,NEWCASTLE AU,,,no
        AU02,        HK01,, ,03/24/2017,12/31/2069,191,NEWCASTLE AU,,,no
        AU02,        IN01,, ,04/10/2014,12/31/2069,10,NEWCASTLE AU,,,no
        AU02,        IN03,, ,09/29/2023,12/31/2069,10,NEWCASTLE AU,,,no
        AU02,        JP02,, ,08/22/2024,12/31/2069,50,NEWCASTLE AU,,,no
        AU02,        KR01,, ,05/08/2025,12/31/2069,50,NEWCASTLE AU,,,no
        AU02,        KR01,, ,08/22/2024,12/31/2069,60,NEWCASTLE AU,,,no
        AU02,        KR03,, ,08/22/2024,12/31/2069,50,NEWCASTLE AU,,,no
        AU02,        NZ01,, ,02/21/2025,12/31/2069,80,NEWCASTLE AU,,,no
        AU02,        NZ04,, ,02/21/2025,12/31/2069,80,NEWCASTLE AU,,,yes
        AU02,        SG05,, ,01/01/2012,12/31/2069,12.5,NEWCASTLE AU,,,no
        AU02,        TW01,, ,03/24/2017,12/31/2069,227,NEWCASTLE AU,,,no
        AU02,        US01,, ,02/21/2025,12/31/2069,70,NEWCASTLE AU,,,no
        AU02,        US02,, ,02/21/2025,12/31/2069,70,NEWCASTLE AU,,,no
        AU02,        US03,, ,02/21/2025,12/31/2069,70,NEWCASTLE AU,,,no
        CA01,        JP02,, ,03/09/2011,12/31/2069,100,"Burlington, Canada",,,no
        CA01,        KR01,, ,06/02/2017,12/31/2069,240,"Burlington, Canada",,,no
        CA01,        US01,, ,07/18/2014,12/31/2069,10,"Burlington, Canada",,,yes
        CA01,        US39,, ,04/12/2024,12/31/2069,10,"Burlington, Canada",,,yes
        CN02,        AU01,, ,03/27/2015,12/31/2069,10,"ITSC, SHANGHAI CN - NON BONDED",,,no
        CN02,        CN03,,C02,02/14/2025,12/31/2069,0,"ITSC, SHANGHAI CN - NON BONDED",,,
        CN02,        CN09,,C02,08/01/2025,12/31/2069,0,"ITSC, SHANGHAI CN - NON BONDED",,,
        CN02,        CN11,, ,03/01/2022,12/31/2069,0,"ITSC, SHANGHAI CN - NON BONDED",,,no
        CN02,        CN71,, ,01/06/2022,12/31/2069,5,"ITSC, SHANGHAI CN - NON BONDED",,,yes
        CN02,        CN72,, ,01/06/2022,12/31/2069,5,"ITSC, SHANGHAI CN - NON BONDED",,,no
        CN02,        HK01,, ,03/24/2017,12/31/2069,191,"ITSC, SHANGHAI CN - NON BONDED",,,yes
        CN02,        IN01,, ,01/29/2013,12/31/2069,20,"ITSC, SHANGHAI CN - NON BONDED",,,no
        CN02,        IN03,, ,09/29/2023,12/31/2069,20,"ITSC, SHANGHAI CN - NON BONDED",,,no
        CN02,        KR01,, ,03/27/2015,12/31/2069,240,"ITSC, SHANGHAI CN - NON BONDED",,,no
        CN02,        SG05,, ,09/26/2015,12/31/2069,20,"ITSC, SHANGHAI CN - NON BONDED",,,yes
        CN02,        TW01,, ,03/24/2017,12/31/2069,227,"ITSC, SHANGHAI CN - NON BONDED",,,yes
        CN02,        US02,, ,11/06/2024,12/31/2069,50,"ITSC, SHANGHAI CN - NON BONDED",,,yes
        CN02,        US03,, ,11/06/2024,12/31/2069,50,"ITSC, SHANGHAI CN - NON BONDED",,,yes
        CN02,        US39,, ,04/12/2024,12/31/2069,50,"ITSC, SHANGHAI CN - NON BONDED",,,yes
        CN02,        US40,, ,11/06/2024,12/31/2069,50,"ITSC, SHANGHAI CN - NON BONDED",,,yes
        CN03,        EU50,, ,11/16/2017,12/31/2069,30,"ITSC BEIJING, CN",,,no
        CN03,        HK01,, ,03/24/2017,12/31/2069,191,"ITSC BEIJING, CN",,,no
        CN03,        IN01,, ,09/26/2015,12/31/2069,20,"ITSC BEIJING, CN",,,no
        CN03,        IN03,, ,09/29/2023,12/31/2069,20,"ITSC BEIJING, CN",,,no
        CN03,        JP02,, ,09/26/2015,12/31/2069,20,"ITSC BEIJING, CN",,,no
        CN03,        KR01,, ,03/27/2015,12/31/2069,240,"ITSC BEIJING, CN",,,no
        CN03,        SG05,, ,09/26/2015,12/31/2069,20,"ITSC BEIJING, CN",,,yes
        CN03,        TW01,, ,03/24/2017,12/31/2069,227,"ITSC BEIJING, CN",,,no
        CN04,        US39,, ,04/12/2024,12/31/2069,50,SHANGHAI CHINA-ITSC WGQ WHSE,,,yes
        CN09,        CN11,,C09,07/05/2025,12/31/2069,0,"ITSC,  GUANGZHOU",,,
        CN11,        CN02,,C11,07/05/2025,12/31/2069,0,Alfa Aesar (AA) Warehouse,,,
        CN71,        CN02,, ,01/07/2022,12/31/2069,15,LSGUANGZHOU DETAIL BP GUANGZHO,,,yes
        CN71,        CN72,,C73,01/06/2022,12/31/2069,0,LSGUANGZHOU DETAIL BP GUANGZHO,,,
        CN71,        HK01,, ,01/07/2022,12/31/2069,15,LSGUANGZHOU DETAIL BP GUANGZHO,,,no
        CN72,        CN71,,C73,01/06/2022,12/31/2069,0,LSGUANGZHOU DETAIL BP SUZHOU,,,
        CN81,        CN09,, ,07/20/2012,12/31/2069,0,LIFE/DAAN DETAIL BRANCH PLANT,,,no
        EU50,        AU01,, ,08/22/2024,12/31/2069,999,"BLEISWIJK, NETHERLANDS",,,no
        EU50,        CN02,, ,01/19/2023,12/31/2069,425,"BLEISWIJK, NETHERLANDS",,,no
        EU50,        CN04,, ,01/19/2023,12/31/2069,425,"BLEISWIJK, NETHERLANDS",,,no
        EU50,        CN05,, ,01/19/2023,12/31/2069,425,"BLEISWIJK, NETHERLANDS",,,no
        EU50,        CN71,, ,04/14/2022,12/31/2069,350,"BLEISWIJK, NETHERLANDS",,,no
        EU50,        EU55,, ,06/11/2018,12/31/2069,150,"BLEISWIJK, NETHERLANDS",,,no
        EU50,        GB01,,E60,02/14/2025,12/31/2069,0,"BLEISWIJK, NETHERLANDS",,,
        EU50,        HK01,, ,02/19/2024,12/31/2069,350,"BLEISWIJK, NETHERLANDS",,,no
        EU50,        IN01,, ,03/15/2019,12/31/2069,20,"BLEISWIJK, NETHERLANDS",,,no
        EU50,        IN03,, ,09/29/2023,12/31/2069,20,"BLEISWIJK, NETHERLANDS",,,no
        EU50,        IN04,, ,01/25/2021,12/31/2069,20,"BLEISWIJK, NETHERLANDS",,,no
        EU50,        JP02,, ,02/21/2025,12/31/2069,100,"BLEISWIJK, NETHERLANDS",,,no
        EU50,        JP03,, ,02/21/2025,12/31/2069,100,"BLEISWIJK, NETHERLANDS",,,no
        EU50,        KR01,, ,02/21/2025,12/31/2069,550,"BLEISWIJK, NETHERLANDS",,,no
        EU50,        LT01,, ,03/01/2016,12/31/2069,100,"BLEISWIJK, NETHERLANDS",,,no
        EU50,        NL04,, ,05/08/2019,12/31/2069,100,"BLEISWIJK, NETHERLANDS",,,yes
        EU50,        NO02,, ,02/10/2022,12/31/2069,90,"BLEISWIJK, NETHERLANDS",,,yes
        EU50,        NZ01,, ,08/22/2024,12/31/2069,300,"BLEISWIJK, NETHERLANDS",,,no
        EU50,        SG05,, ,02/21/2025,12/31/2069,150,"BLEISWIJK, NETHERLANDS",,,yes
        EU50,        TW01,, ,03/30/2018,12/31/2069,210,"BLEISWIJK, NETHERLANDS",,,no
        EU50,        US02,, ,04/11/2025,12/31/2069,580,"BLEISWIJK, NETHERLANDS",,,yes
        EU50,        US36,, ,04/11/2025,12/31/2069,580,"BLEISWIJK, NETHERLANDS",,,no
        EU50,        US39,, ,04/11/2025,12/31/2069,580,"BLEISWIJK, NETHERLANDS",,,yes
        EU50,        US40,, ,04/11/2025,12/31/2069,580,"BLEISWIJK, NETHERLANDS",,,yes
        EU50,        ZA01,, ,02/25/2022,12/31/2069,196,"BLEISWIJK, NETHERLANDS",,,no
        EU54,        AU01,, ,03/24/2017,12/31/2069,490,"LISSIEU, FRANCE",,,no
        EU54,        EU50,, ,07/08/2017,12/31/2069,140,"LISSIEU, FRANCE",,,no
        EU54,        NZ01,, ,02/19/2024,12/31/2069,40,"LISSIEU, FRANCE",,,no
        EU54,        ZA01,, ,09/21/2015,12/31/2069,196,"LISSIEU, FRANCE",,,no
        EU55,        US02,, ,04/11/2025,12/31/2069,160,"Gewerbepark, Regensburg",,,no
        GB01,        AU01,, ,05/08/2025,12/31/2069,999,"Inchinnan, Scotland",,,no
        GB01,        AU01,, ,08/22/2024,12/31/2069,900,"Inchinnan, Scotland",,,no
        GB01,        CN02,, ,01/19/2023,12/31/2069,425,"Inchinnan, Scotland",,,no
        GB01,        CN03,, ,01/19/2023,12/31/2069,425,"Inchinnan, Scotland",,,no
        GB01,        CN04,, ,01/19/2023,12/31/2069,425,"Inchinnan, Scotland",,,no
        GB01,        EU50,,G01,02/14/2025,12/31/2069,0,"Inchinnan, Scotland",,,
        GB01,        HK01,, ,02/19/2024,12/31/2069,350,"Inchinnan, Scotland",,,no
        GB01,        IN01,, ,07/11/2019,12/31/2069,20,"Inchinnan, Scotland",,,no
        GB01,        IN03,, ,09/29/2023,12/31/2069,20,"Inchinnan, Scotland",,,no
        GB01,        JP02,, ,03/05/2025,12/31/2069,100,"Inchinnan, Scotland",,,no
        GB01,        KR01,, ,03/05/2025,12/31/2069,550,"Inchinnan, Scotland",,,no
        GB01,        KR03,, ,03/05/2025,12/31/2069,550,"Inchinnan, Scotland",,,no
        GB01,        LT02,,,04/23/2025,12/31/2069,6,"Inchinnan, Scotland",,,
        GB01,        NL04,, ,12/10/2020,12/31/2069,100,"Inchinnan, Scotland",,,yes
        GB01,        NZ01,, ,03/05/2025,12/31/2069,300,"Inchinnan, Scotland",,,no
        GB01,        NZ04,, ,03/05/2025,12/31/2069,300,"Inchinnan, Scotland",,,yes
        GB01,        SG05,, ,03/05/2025,12/31/2069,150,"Inchinnan, Scotland",,,no
        GB01,        TW01,, ,03/30/2018,12/31/2069,210,"Inchinnan, Scotland",,,no
        GB01,        US01,, ,04/11/2025,12/31/2069,580,"Inchinnan, Scotland",,,yes
        GB01,        US02,, ,04/11/2025,12/31/2069,580,"Inchinnan, Scotland",,,yes
        GB01,        US34,, ,04/11/2025,12/31/2069,580,"Inchinnan, Scotland",,,yes
        GB01,        US35,, ,04/11/2025,12/31/2069,580,"Inchinnan, Scotland",,,yes
        GB01,        US36,, ,04/11/2025,12/31/2069,580,"Inchinnan, Scotland",,,no
        GB01,        US39,, ,04/11/2025,12/31/2069,580,"Inchinnan, Scotland",,,yes
        GB01,        US40,, ,04/11/2025,12/31/2069,580,"Inchinnan, Scotland",,,yes
        GB01,        ZA01,, ,01/01/2011,12/31/2069,196,"Inchinnan, Scotland",,,no
        GB08,        AU01,, ,08/22/2024,12/31/2069,999,"WARRINGTON, GB",,,no
        GB08,        CN02,, ,01/19/2023,12/31/2069,425,"WARRINGTON, GB",,,no
        GB08,        CN04,, ,01/19/2023,12/31/2069,425,"WARRINGTON, GB",,,no
        GB08,        IN01,, ,03/18/2016,12/31/2069,150,"WARRINGTON, GB",,,no
        GB08,        IN03,, ,09/29/2023,12/31/2069,150,"WARRINGTON, GB",,,no
        GB08,        NZ01,, ,03/05/2025,12/31/2069,300,"WARRINGTON, GB",,,no
        HK01,        CN02,, ,06/08/2010,12/31/2069,200,"TSUEN WAN, HONG KONG",,,yes
        HK01,        CN04,, ,06/08/2010,12/31/2069,200,"TSUEN WAN, HONG KONG",,,no
        HK01,        IN01,, ,06/08/2010,12/31/2069,92,"TSUEN WAN, HONG KONG",,,no
        HK01,        IN03,, ,09/29/2023,12/31/2069,92,"TSUEN WAN, HONG KONG",,,no
        HK01,        KR01,, ,03/27/2015,12/31/2069,240,"TSUEN WAN, HONG KONG",,,no
        HK01,        TW01,, ,03/24/2017,12/31/2069,227,"TSUEN WAN, HONG KONG",,,yes
        HK01,        US39,, ,04/12/2024,12/31/2069,0,"TSUEN WAN, HONG KONG",,,yes
        IN01,        IN03,,I01,06/13/2023,12/31/2069,0,"Bangalore, India BondedDC/IN21",,,
        IN01,        US39,, ,04/12/2024,12/31/2069,30,"Bangalore, India BondedDC/IN21",,,yes
        IN02,        CN02,, ,07/10/2025,12/31/2069,150,"Bangalore, India Manufacturing",,,no
        IN02,        EU50,, ,03/18/2019,12/31/2069,30,"Bangalore, India Manufacturing",,,no
        IN02,        IN03,, ,07/10/2025,12/31/2069,0,"Bangalore, India Manufacturing",,,no
        IN02,        SG05,, ,03/18/2019,12/31/2069,30,"Bangalore, India Manufacturing",,,yes
        IN02,        US02,, ,03/03/2019,12/31/2069,30,"Bangalore, India Manufacturing",,,yes
        IN02,        US03,, ,03/03/2019,12/31/2069,30,"Bangalore, India Manufacturing",,,yes
        IN02,        US04,, ,03/03/2019,12/31/2069,30,"Bangalore, India Manufacturing",,,no
        IN02,        US15,, ,03/03/2019,12/31/2069,30,"Bangalore, India Manufacturing",,,no
        IN02,        US40,, ,10/15/2022,12/31/2069,30,"Bangalore, India Manufacturing",,,yes
        IN03,        SG05,, ,02/14/2025,12/31/2069,30,"Bangalore, India Non-Bonded DC",,,yes
        IN03,        SG05,, ,05/08/2025,12/31/2069,30,"Bangalore, India Non-Bonded DC",,,yes
        IN03,        US39,, ,04/12/2024,12/31/2069,30,"Bangalore, India Non-Bonded DC",,,yes
        JP01,        CN02,, ,06/03/2011,12/31/2069,200,HANEDA JAPAN,,,no
        JP01,        GB01,, ,06/03/2011,12/31/2069,114,HANEDA JAPAN,,,no
        JP01,        HK01,, ,03/24/2017,12/31/2069,191,HANEDA JAPAN,,,no
        JP01,        KR01,, ,03/27/2015,12/31/2069,240,HANEDA JAPAN,,,no
        JP01,        TW01,, ,03/24/2017,12/31/2069,227,HANEDA JAPAN,,,no
        JP01,        US01,, ,06/03/2011,12/31/2069,114,HANEDA JAPAN,,,no
        JP02,        CN04,, ,03/09/2011,12/31/2069,200,TOKYO JAPAN,,,no
        JP02,        GB01,, ,03/09/2011,12/31/2069,114,TOKYO JAPAN,,,yes
        JP02,        HK01,, ,03/24/2017,12/31/2069,191,TOKYO JAPAN,,,no
        JP02,        JP01,,J02,08/15/2022,12/31/2069,0,TOKYO JAPAN,,,
        JP02,        KR01,, ,03/27/2015,12/31/2069,240,TOKYO JAPAN,,,no
        JP02,        NZ01,, ,03/09/2011,12/31/2069,10,TOKYO JAPAN,,,no
        JP02,        NZ02,, ,03/09/2011,12/31/2069,10,TOKYO JAPAN,,,yes
        JP02,        NZ04,, ,03/09/2011,12/31/2069,10,TOKYO JAPAN,,,yes
        JP02,        TW01,, ,03/24/2017,12/31/2069,227,TOKYO JAPAN,,,no
        JP02,        US01,, ,03/09/2011,12/31/2069,114,TOKYO JAPAN,,,yes
        JP02,        US39,, ,04/12/2024,12/31/2069,114,TOKYO JAPAN,,,yes
        KR01,        KR02,,K01,02/14/2025,12/31/2069,0,Korea Detail BP,,,
        KR01,        KR03,,K01,02/14/2025,12/31/2069,0,Korea Detail BP,,,
        KR01,        US39,, ,04/12/2024,12/31/2069,0,Korea Detail BP,,,yes
        KR02,        KR01,, ,02/14/2025,12/31/2069,0,Korea Daejeon BP,,,no
        KR03,        KR01,,K02,02/14/2025,12/31/2069,0,Korea Yeongjong BP,,,
        KR03,        KR02,,K02,02/14/2025,12/31/2069,0,Korea Yeongjong BP,,,
        KR03,        US39,, ,04/12/2024,12/31/2069,0,Korea Yeongjong BP,,,yes
        KR04,        KR01,,K04,08/05/2022,12/14/2023,0,KOREA GTS MFG BP (INACTIVE),,,
        LT01,        LT02,,L01,06/13/2023,12/31/2069,0,Lithuania GMP Branch Plant,,,
        LT01,        NO02,, ,05/08/2025,12/31/2069,580,Lithuania GMP Branch Plant,,,no
        LT01,        NO02,, ,09/15/2017,12/31/2069,600,Lithuania GMP Branch Plant,,,no
        LT02,        AU01,, ,03/05/2025,12/31/2069,900,Lithuania Branch Plant2,,,no
        LT02,        CA01,, ,09/09/2021,12/31/2069,550,Lithuania Branch Plant2,,,no
        LT02,        CN02,, ,06/20/2025,12/31/2069,550,Lithuania Branch Plant2,,,no
        LT02,        CN03,, ,06/20/2025,12/31/2069,550,Lithuania Branch Plant2,,,no
        LT02,        CN04,, ,06/20/2025,12/31/2069,550,Lithuania Branch Plant2,,,no
        LT02,        CN05,, ,06/20/2025,12/31/2069,550,Lithuania Branch Plant2,,,no
        LT02,        CN71,, ,01/06/2022,12/31/2069,300,Lithuania Branch Plant2,,,no
        LT02,        CN72,, ,01/06/2022,12/31/2069,300,Lithuania Branch Plant2,,,no
        LT02,        EU50,, ,02/19/2024,12/31/2069,800,Lithuania Branch Plant2,,,no
        LT02,        GB01,, ,08/22/2024,12/31/2069,800,Lithuania Branch Plant2,,,no
        LT02,        HK01,, ,08/22/2024,12/31/2069,450,Lithuania Branch Plant2,,,no
        LT02,        IN01,, ,10/22/2016,12/31/2069,270,Lithuania Branch Plant2,,,no
        LT02,        IN03,, ,09/29/2023,12/31/2069,270,Lithuania Branch Plant2,,,no
        LT02,        IN04,, ,02/27/2023,12/31/2069,270,Lithuania Branch Plant2,,,no
        LT02,        JP02,,L62,08/01/2025,12/31/2069,999.99,Lithuania Branch Plant2,,,
        LT02,        KR01,, ,03/05/2025,12/31/2069,650,Lithuania Branch Plant2,,,no
        LT02,        LT01,, ,10/07/2020,12/31/2069,0,Lithuania Branch Plant2,,,no
        LT02,        NO02,, ,03/05/2025,12/31/2069,580,Lithuania Branch Plant2,,,no
        LT02,        NO03,, ,03/05/2025,12/31/2069,580,Lithuania Branch Plant2,,,no
        LT02,        SG05,, ,03/05/2025,12/31/2069,300,Lithuania Branch Plant2,,,no
        LT02,        TW01,, ,03/03/2019,12/31/2069,400,Lithuania Branch Plant2,,,no
        LT02,        US00,, ,02/14/2025,12/31/2069,0,Lithuania Branch Plant2,,,no
        LT02,        US01,, ,05/24/2025,12/31/2069,570,Lithuania Branch Plant2,,,no
        LT02,        US02,, ,05/24/2025,12/31/2069,570,Lithuania Branch Plant2,,,no
        LT02,        US03,, ,05/24/2025,12/31/2069,570,Lithuania Branch Plant2,,,no
        LT02,        US15,, ,05/24/2025,12/31/2069,570,Lithuania Branch Plant2,,,no
        LT02,        US23,, ,05/24/2025,12/31/2069,570,Lithuania Branch Plant2,,,no
        LT02,        US36,, ,06/04/2025,12/31/2069,570,Lithuania Branch Plant2,,,no
        LT02,        US39,, ,05/24/2025,12/31/2069,570,Lithuania Branch Plant2,,,yes
        NL04,        EU50,, ,05/08/2019,12/31/2069,100,Prionics Detail  Branch,,,yes
        NL04,        GB01,, ,12/10/2020,12/31/2069,100,Prionics Detail  Branch,,,yes
        NL04,        JP02,, ,05/11/2021,12/31/2069,150,Prionics Detail  Branch,,,no
        NO02,        AU01,, ,02/27/2023,12/31/2069,200,"Oslo, Norway",,,no
        NO02,        CN02,, ,03/05/2025,12/31/2069,330,"Oslo, Norway",,,no
        NO02,        CN03,, ,03/05/2025,12/31/2069,330,"Oslo, Norway",,,no
        NO02,        CN04,, ,03/05/2025,12/31/2069,330,"Oslo, Norway",,,no
        NO02,        EU50,, ,03/06/2021,12/31/2069,500,"Oslo, Norway",,,yes
        NO02,        EU50,, ,05/08/2025,12/31/2069,600,"Oslo, Norway",,,yes
        NO02,        GB01,, ,03/22/2024,12/31/2069,600,"Oslo, Norway",,,no
        NO02,        IN01,, ,08/01/2014,12/31/2069,100,"Oslo, Norway",,,no
        NO02,        IN03,, ,09/29/2023,12/31/2069,100,"Oslo, Norway",,,no
        NO02,        JP02,, ,02/27/2023,12/31/2069,350,"Oslo, Norway",,,no
        NO02,        KR01,, ,03/27/2015,12/31/2069,240,"Oslo, Norway",,,no
        NO02,        NZ01,, ,03/27/2015,12/31/2069,617,"Oslo, Norway",,,no
        NO02,        SG05,, ,01/01/2012,12/31/2069,220,"Oslo, Norway",,,no
        NO02,        US02,, ,04/11/2025,12/31/2069,340,"Oslo, Norway",,,yes
        NO02,        US03,, ,04/11/2025,12/31/2069,340,"Oslo, Norway",,,yes
        NO02,        US15,, ,09/11/2023,12/31/2069,300,"Oslo, Norway",,,no
        NO02,        US40,, ,04/11/2025,12/31/2069,340,"Oslo, Norway",,,no
        NO03,        NO02,,N03,06/13/2023,12/31/2069,0,"Lillestrom, Norway",,,
        NO03,        US15,, ,09/11/2023,12/31/2069,300,"Lillestrom, Norway",,,no
        NZ01,        NZ02,,Z01,06/13/2023,12/31/2069,0,AUCKLAND NZ COMMERCIAL,,,
        NZ01,        NZ04,,Z01,06/13/2023,12/31/2069,0,AUCKLAND NZ COMMERCIAL,,,
        NZ01,        US39,, ,04/16/2025,12/31/2069,450,AUCKLAND NZ COMMERCIAL,,,yes
        NZ01,        US39,, ,05/08/2025,12/31/2069,30,AUCKLAND NZ COMMERCIAL,,,yes
        NZ02,        JP02,, ,03/03/2019,12/31/2069,160,CHRISTCHURCH NZ,,,yes
        NZ02,        NZ04,,Z02,02/14/2025,12/31/2069,0,CHRISTCHURCH NZ,,,
        NZ03,        NZ02,,Z03,06/13/2023,12/31/2069,0,NELSON NZ,,,
        NZ03,        NZ04,,Z03,06/13/2023,12/31/2069,0,NELSON NZ,,,
        NZ04,        AU01,, ,08/22/2024,12/31/2069,50,AUCKLAND NZ BIOPRODUCTION,,,yes
        NZ04,        AU02,, ,08/22/2024,12/31/2069,50,AUCKLAND NZ BIOPRODUCTION,,,yes
        NZ04,        CN02,, ,01/19/2023,12/31/2069,110,AUCKLAND NZ BIOPRODUCTION,,,no
        NZ04,        CN04,, ,01/19/2023,12/31/2069,110,AUCKLAND NZ BIOPRODUCTION,,,no
        NZ04,        EU50,, ,09/11/2023,12/31/2069,20,AUCKLAND NZ BIOPRODUCTION,,,no
        NZ04,        GB01,, ,09/11/2023,12/31/2069,20,AUCKLAND NZ BIOPRODUCTION,,,yes
        NZ04,        HK01,, ,03/24/2017,12/31/2069,191,AUCKLAND NZ BIOPRODUCTION,,,no
        NZ04,        IN01,, ,12/17/2012,12/31/2069,20,AUCKLAND NZ BIOPRODUCTION,,,no
        NZ04,        IN03,, ,09/29/2023,12/31/2069,20,AUCKLAND NZ BIOPRODUCTION,,,no
        NZ04,        JP02,, ,03/03/2019,12/31/2069,160,AUCKLAND NZ BIOPRODUCTION,,,yes
        NZ04,        KR01,, ,02/19/2024,12/31/2069,125,AUCKLAND NZ BIOPRODUCTION,,,no
        NZ04,        KR03,, ,02/19/2024,12/31/2069,125,AUCKLAND NZ BIOPRODUCTION,,,no
        NZ04,        NZ01,,Z04,02/14/2025,12/31/2069,0,AUCKLAND NZ BIOPRODUCTION,,,
        NZ04,        NZ02,,Z04,06/13/2023,12/31/2069,0,AUCKLAND NZ BIOPRODUCTION,,,
        NZ04,        SG05,, ,01/01/2012,12/31/2069,20,AUCKLAND NZ BIOPRODUCTION,,,yes
        NZ04,        TW01,, ,03/24/2017,12/31/2069,227,AUCKLAND NZ BIOPRODUCTION,,,no
        NZ04,        US01,, ,02/19/2024,12/31/2069,30,AUCKLAND NZ BIOPRODUCTION,,,yes
        NZ04,        US02,, ,02/19/2024,12/31/2069,30,AUCKLAND NZ BIOPRODUCTION,,,yes
        NZ04,        US03,, ,02/19/2024,12/31/2069,30,AUCKLAND NZ BIOPRODUCTION,,,yes
        NZ04,        US40,, ,02/19/2024,12/31/2069,30,AUCKLAND NZ BIOPRODUCTION,,,no
        SG05,        AU01,, ,03/05/2025,12/31/2069,100,SINGAPORE  USD DETAIL PLANT,,,no
        SG05,        CN02,, ,06/20/2025,12/31/2069,100,SINGAPORE  USD DETAIL PLANT,,,yes
        SG05,        CN03,, ,06/20/2025,12/31/2069,100,SINGAPORE  USD DETAIL PLANT,,,yes
        SG05,        CN04,, ,06/20/2025,12/31/2069,100,SINGAPORE  USD DETAIL PLANT,,,no
        SG05,        CN05,, ,06/20/2025,12/31/2069,100,SINGAPORE  USD DETAIL PLANT,,,no
        SG05,        EU50,, ,03/05/2025,12/31/2069,105,SINGAPORE  USD DETAIL PLANT,,,yes
        SG05,        HK01,, ,07/25/2023,12/31/2069,450,SINGAPORE  USD DETAIL PLANT,,,no
        SG05,        IN01,, ,08/14/2020,12/31/2069,87,SINGAPORE  USD DETAIL PLANT,,,no
        SG05,        IN02,, ,08/14/2020,12/31/2069,87,SINGAPORE  USD DETAIL PLANT,,,yes
        SG05,        IN03,, ,09/29/2023,12/31/2069,87,SINGAPORE  USD DETAIL PLANT,,,yes
        SG05,        IN04,, ,01/25/2021,12/31/2069,87,SINGAPORE  USD DETAIL PLANT,,,no
        SG05,        JP02,, ,08/22/2024,12/31/2069,120,SINGAPORE  USD DETAIL PLANT,,,no
        SG05,        KR01,, ,08/22/2024,12/31/2069,140,SINGAPORE  USD DETAIL PLANT,,,no
        SG05,        NZ01,, ,03/05/2025,12/31/2069,140,SINGAPORE  USD DETAIL PLANT,,,no
        SG05,        NZ04,, ,03/05/2025,12/31/2069,140,SINGAPORE  USD DETAIL PLANT,,,no
        SG05,        TW01,, ,02/19/2024,12/31/2069,185,SINGAPORE  USD DETAIL PLANT,,,no
        SG05,        US00,, ,05/08/2025,12/31/2069,140,SINGAPORE  USD DETAIL PLANT,,,no
        SG05,        US00,, ,02/14/2025,12/31/2069,0,SINGAPORE  USD DETAIL PLANT,,,no
        SG05,        US02,, ,04/11/2025,12/31/2069,140,SINGAPORE  USD DETAIL PLANT,,,yes
        SG05,        US03,, ,04/11/2025,12/31/2069,140,SINGAPORE  USD DETAIL PLANT,,,yes
        SG05,        US36,, ,04/11/2025,12/31/2069,200,SINGAPORE  USD DETAIL PLANT,,,no
        SG05,        US36,, ,05/08/2025,12/31/2069,140,SINGAPORE  USD DETAIL PLANT,,,no
        SG05,        US39,, ,04/11/2025,12/31/2069,140,SINGAPORE  USD DETAIL PLANT,,,yes
        SG05,        US40,, ,04/11/2025,12/31/2069,140,SINGAPORE  USD DETAIL PLANT,,,no
        TW01,        CN02,, ,06/08/2010,12/31/2069,200,"TAIPEI, TAIWAN",,,yes
        TW01,        CN04,, ,06/08/2010,12/31/2069,200,"TAIPEI, TAIWAN",,,no
        TW01,        HK01,, ,03/24/2017,12/31/2069,191,"TAIPEI, TAIWAN",,,yes
        TW01,        US39,, ,04/12/2024,12/31/2069,0,"TAIPEI, TAIWAN",,,yes
        US01,        AU01,, ,08/22/2024,12/31/2069,350,"Grand Island, NY",,,no
        US01,        CA01,, ,04/25/2025,12/31/2069,600,"Grand Island, NY",,,yes
        US01,        CN02,, ,06/20/2025,12/31/2069,260,"Grand Island, NY",,,no
        US01,        CN03,, ,06/20/2025,12/31/2069,260,"Grand Island, NY",,,no
        US01,        CN04,, ,06/20/2025,12/31/2069,260,"Grand Island, NY",,,no
        US01,        CN05,, ,06/20/2025,12/31/2069,260,"Grand Island, NY",,,no
        US01,        CN71,, ,11/09/2022,12/31/2069,436,"Grand Island, NY",,,no
        US01,        CN72,, ,11/09/2022,12/31/2069,436,"Grand Island, NY",,,no
        US01,        EU50,, ,03/05/2025,12/31/2069,330,"Grand Island, NY",,,no
        US01,        GB01,, ,03/05/2025,12/31/2069,330,"Grand Island, NY",,,yes
        US01,        HK01,, ,07/25/2023,12/31/2069,450,"Grand Island, NY",,,no
        US01,        IN01,, ,08/14/2020,12/31/2069,132,"Grand Island, NY",,,no
        US01,        IN02,, ,08/14/2020,12/31/2069,132,"Grand Island, NY",,,no
        US01,        IN03,, ,09/29/2023,12/31/2069,132,"Grand Island, NY",,,no
        US01,        IN04,, ,01/25/2021,12/31/2069,132,"Grand Island, NY",,,no
        US01,        JP02,, ,03/05/2025,12/31/2069,250,"Grand Island, NY",,,yes
        US01,        KR01,, ,02/19/2024,12/31/2069,215,"Grand Island, NY",,,no
        US01,        KR03,, ,02/19/2024,12/31/2069,215,"Grand Island, NY",,,no
        US01,        LT01,, ,06/18/2102,12/31/2069,100,"Grand Island, NY",,,no
        US01,        NZ01,, ,08/22/2024,12/31/2069,200,"Grand Island, NY",,,no
        US01,        NZ04,, ,02/27/2023,12/31/2069,200,"Grand Island, NY",,,yes
        US01,        SG05,, ,03/05/2025,12/31/2069,200,"Grand Island, NY",,,no
        US01,        TW01,, ,08/04/2022,12/31/2069,195,"Grand Island, NY",,,no
        US01,        US02,,U01,08/01/2025,12/31/2069,0,"Grand Island, NY",,,
        US01,        US03,,U01,08/01/2025,12/31/2069,0,"Grand Island, NY",,,
        US01,        US04,,U01,06/13/2023,12/31/2069,0,"Grand Island, NY",,,
        US01,        US05,,U01,06/13/2023,12/31/2069,0,"Grand Island, NY",,,
        US01,        US15,, ,01/02/2009,12/31/2069,0,"Grand Island, NY",,,no
        US01,        US35,,U01,08/01/2025,12/31/2069,0,"Grand Island, NY",,,
        US01,        US36,, ,02/24/2023,12/31/2069,0,"Grand Island, NY",,,no
        US01,        US39,, ,04/12/2024,12/31/2069,0,"Grand Island, NY",,,yes
        US01,        US40,,U01,02/14/2025,12/31/2069,0,"Grand Island, NY",,,
        US02,        AU01,, ,08/22/2024,12/31/2069,350,"Frederick , MD",,,no
        US02,        CA01,, ,04/25/2025,12/31/2069,600,"Frederick , MD",,,no
        US02,        CN02,, ,06/20/2025,12/31/2069,260,"Frederick , MD",,,yes
        US02,        CN03,, ,06/20/2025,12/31/2069,260,"Frederick , MD",,,no
        US02,        CN04,, ,06/20/2025,12/31/2069,260,"Frederick , MD",,,no
        US02,        CN05,, ,06/20/2025,12/31/2069,260,"Frederick , MD",,,no
        US02,        CN71,, ,11/09/2022,12/31/2069,436,"Frederick , MD",,,no
        US02,        CN72,, ,11/09/2022,12/31/2069,436,"Frederick , MD",,,no
        US02,        EU50,, ,03/05/2025,12/31/2069,330,"Frederick , MD",,,yes
        US02,        GB01,, ,08/22/2024,12/31/2069,310,"Frederick , MD",,,yes
        US02,        GB01,, ,03/05/2025,12/31/2069,330,"Frederick , MD",,,yes
        US02,        GB08,, ,03/05/2025,12/31/2069,330,"Frederick , MD",,,no
        US02,        HK01,, ,08/22/2024,12/31/2069,450,"Frederick , MD",,,no
        US02,        IN01,, ,08/14/2020,12/31/2069,132,"Frederick , MD",,,no
        US02,        IN02,, ,08/14/2020,12/31/2069,132,"Frederick , MD",,,yes
        US02,        IN03,, ,09/29/2023,12/31/2069,132,"Frederick , MD",,,no
        US02,        IN04,, ,01/25/2021,12/31/2069,132,"Frederick , MD",,,no
        US02,        JP01,, ,03/05/2025,12/31/2069,250,"Frederick , MD",,,no
        US02,        JP02,, ,03/05/2025,12/31/2069,250,"Frederick , MD",,,no
        US02,        JP03,, ,03/05/2025,12/31/2069,250,"Frederick , MD",,,no
        US02,        KR01,, ,02/19/2024,12/31/2069,215,"Frederick , MD",,,no
        US02,        KR03,, ,02/19/2024,12/31/2069,215,"Frederick , MD",,,no
        US02,        LT01,, ,06/18/2020,12/31/2069,100,"Frederick , MD",,,no
        US02,        NO02,, ,02/10/2022,12/31/2069,90,"Frederick , MD",,,yes
        US02,        NZ01,, ,08/22/2024,12/31/2069,200,"Frederick , MD",,,no
        US02,        NZ02,, ,08/22/2024,12/31/2069,200,"Frederick , MD",,,no
        US02,        NZ03,, ,02/27/2023,12/31/2069,200,"Frederick , MD",,,no
        US02,        NZ04,, ,02/27/2023,12/31/2069,200,"Frederick , MD",,,yes
        US02,        SG05,, ,03/05/2025,12/31/2069,200,"Frederick , MD",,,yes
        US02,        TW01,, ,08/04/2022,12/31/2069,195,"Frederick , MD",,,no
        US02,        US00,, ,02/14/2025,12/31/2069,0,"Frederick , MD",,,no
        US02,        US01,,U02,06/13/2023,12/31/2069,0,"Frederick , MD",,,
        US02,        US03,,U02,08/01/2025,12/31/2069,0,"Frederick , MD",,,
        US02,        US04,,U02,06/13/2023,12/31/2069,0,"Frederick , MD",,,
        US02,        US05,,U02,06/13/2023,12/31/2069,0,"Frederick , MD",,,
        US02,        US15,, ,01/02/2009,12/31/2069,0,"Frederick , MD",,,no
        US02,        US23,, ,02/09/2021,12/31/2069,0,"Frederick , MD",,,no
        US02,        US36,, ,02/24/2023,12/31/2069,0,"Frederick , MD",,,yes
        US02,        US39,, ,04/12/2024,12/31/2069,0,"Frederick , MD",,,yes
        US02,        US40,,U02,02/14/2025,12/31/2069,0,"Frederick , MD",,,
        US03,        AU01,, ,02/19/2024,12/31/2069,350,"Carlsbad, CA",,,no
        US03,        CA01,, ,04/25/2025,12/31/2069,600,"Carlsbad, CA",,,no
        US03,        CN02,, ,06/20/2025,12/31/2069,260,"Carlsbad, CA",,,yes
        US03,        CN03,, ,06/20/2025,12/31/2069,260,"Carlsbad, CA",,,no
        US03,        CN04,, ,06/20/2025,12/31/2069,260,"Carlsbad, CA",,,no
        US03,        CN71,, ,11/09/2022,12/31/2069,436,"Carlsbad, CA",,,no
        US03,        CN72,, ,11/09/2022,12/31/2069,436,"Carlsbad, CA",,,no
        US03,        EU50,, ,03/05/2025,12/31/2069,330,"Carlsbad, CA",,,no
        US03,        GB01,, ,03/05/2025,12/31/2069,330,"Carlsbad, CA",,,no
        US03,        HK01,, ,08/22/2024,12/31/2069,450,"Carlsbad, CA",,,no
        US03,        IN01,, ,08/14/2020,12/31/2069,132,"Carlsbad, CA",,,no
        US03,        IN02,, ,08/14/2020,12/31/2069,132,"Carlsbad, CA",,,yes
        US03,        IN03,, ,09/29/2023,12/31/2069,132,"Carlsbad, CA",,,no
        US03,        IN04,, ,01/25/2021,12/31/2069,132,"Carlsbad, CA",,,no
        US03,        JP01,, ,03/05/2025,12/31/2069,250,"Carlsbad, CA",,,no
        US03,        JP02,, ,03/05/2025,12/31/2069,250,"Carlsbad, CA",,,no
        US03,        KR01,, ,02/19/2024,12/31/2069,215,"Carlsbad, CA",,,no
        US03,        NO02,, ,02/10/2022,12/31/2069,90,"Carlsbad, CA",,,yes
        US03,        NZ01,, ,08/22/2024,12/31/2069,200,"Carlsbad, CA",,,no
        US03,        NZ04,, ,02/27/2023,12/31/2069,200,"Carlsbad, CA",,,yes
        US03,        SG05,, ,03/05/2025,12/31/2069,200,"Carlsbad, CA",,,yes
        US03,        TW01,, ,08/04/2022,12/31/2069,195,"Carlsbad, CA",,,no
        US03,        US00,, ,02/14/2025,12/31/2069,0,"Carlsbad, CA",,,no
        US03,        US01,,U03,02/14/2025,12/31/2069,0,"Carlsbad, CA",,,
        US03,        US02,,U03,02/14/2025,12/31/2069,0,"Carlsbad, CA",,,
        US03,        US04,,U03,06/13/2023,12/31/2069,0,"Carlsbad, CA",,,
        US03,        US05,,U03,06/13/2023,12/31/2069,0,"Carlsbad, CA",,,
        US03,        US15,, ,01/02/2009,12/31/2069,0,"Carlsbad, CA",,,no
        US03,        US36,, ,02/24/2023,12/31/2069,0,"Carlsbad, CA",,,no
        US03,        US39,, ,04/12/2024,12/31/2069,0,"Carlsbad, CA",,,yes
        US03,        US40,,U03,08/01/2025,12/31/2069,0,"Carlsbad, CA",,,
        US04,        AU01,, ,02/19/2024,12/31/2069,350,"Madison, WI",,,no
        US04,        CA01,, ,04/25/2025,12/31/2069,600,"Madison, WI",,,no
        US04,        CN02,, ,06/20/2025,12/31/2069,260,"Madison, WI",,,no
        US04,        CN03,, ,06/20/2025,12/31/2069,260,"Madison, WI",,,no
        US04,        CN04,, ,06/20/2025,12/31/2069,260,"Madison, WI",,,no
        US04,        EU50,, ,03/05/2025,12/31/2069,330,"Madison, WI",,,no
        US04,        GB01,, ,03/05/2025,12/31/2069,330,"Madison, WI",,,no
        US04,        HK01,, ,08/22/2024,12/31/2069,450,"Madison, WI",,,no
        US04,        IN01,, ,08/14/2020,12/31/2069,132,"Madison, WI",,,no
        US04,        IN03,, ,09/29/2023,12/31/2069,132,"Madison, WI",,,no
        US04,        JP01,, ,03/05/2025,12/31/2069,250,"Madison, WI",,,no
        US04,        JP02,, ,03/05/2025,12/31/2069,250,"Madison, WI",,,no
        US04,        KR01,, ,02/19/2024,12/31/2069,215,"Madison, WI",,,no
        US04,        NZ01,, ,08/22/2024,12/31/2069,200,"Madison, WI",,,no
        US04,        NZ04,, ,08/22/2024,12/31/2069,200,"Madison, WI",,,no
        US04,        SG05,, ,03/05/2025,12/31/2069,200,"Madison, WI",,,no
        US04,        TW01,, ,08/04/2022,12/31/2069,195,"Madison, WI",,,no
        US04,        US02,,U04,06/13/2023,12/31/2069,0,"Madison, WI",,,
        US04,        US03,,U04,06/13/2023,12/31/2069,0,"Madison, WI",,,
        US04,        US15,, ,01/02/2009,12/31/2069,0,"Madison, WI",,,no
        US04,        US40,, ,08/03/2024,12/31/2069,0,"Madison, WI",,,no
        US05,        AU01,, ,02/19/2024,12/31/2069,350,"Eugene, OR Distribt.",,,no
        US05,        CA01,, ,04/25/2025,12/31/2069,600,"Eugene, OR Distribt.",,,no
        US05,        CN02,, ,06/20/2025,12/31/2069,260,"Eugene, OR Distribt.",,,no
        US05,        CN03,, ,06/20/2025,12/31/2069,260,"Eugene, OR Distribt.",,,no
        US05,        CN04,, ,06/20/2025,12/31/2069,260,"Eugene, OR Distribt.",,,no
        US05,        CN71,, ,11/09/2022,12/31/2069,436,"Eugene, OR Distribt.",,,no
        US05,        CN72,, ,11/09/2022,12/31/2069,436,"Eugene, OR Distribt.",,,no
        US05,        EU50,, ,03/05/2025,12/31/2069,330,"Eugene, OR Distribt.",,,no
        US05,        GB01,, ,03/05/2025,12/31/2069,330,"Eugene, OR Distribt.",,,no
        US05,        HK01,, ,08/22/2024,12/31/2069,450,"Eugene, OR Distribt.",,,no
        US05,        IN01,, ,08/14/2020,12/31/2069,132,"Eugene, OR Distribt.",,,no
        US05,        IN03,, ,09/29/2023,12/31/2069,132,"Eugene, OR Distribt.",,,no
        US05,        IN04,, ,01/25/2021,12/31/2069,132,"Eugene, OR Distribt.",,,no
        US05,        JP02,, ,03/05/2025,12/31/2069,250,"Eugene, OR Distribt.",,,no
        US05,        KR01,, ,02/19/2024,12/31/2069,215,"Eugene, OR Distribt.",,,no
        US05,        NZ01,, ,08/22/2024,12/31/2069,200,"Eugene, OR Distribt.",,,no
        US05,        NZ04,, ,02/27/2023,12/31/2069,200,"Eugene, OR Distribt.",,,no
        US05,        SG05,, ,03/05/2025,12/31/2069,200,"Eugene, OR Distribt.",,,no
        US05,        TW01,, ,08/04/2022,12/31/2069,195,"Eugene, OR Distribt.",,,no
        US05,        US00,, ,02/14/2025,12/31/2069,0,"Eugene, OR Distribt.",,,no
        US05,        US02,,U05,02/14/2025,12/31/2069,0,"Eugene, OR Distribt.",,,
        US05,        US03,,U05,08/01/2025,12/31/2069,0,"Eugene, OR Distribt.",,,
        US05,        US04,,U05,08/15/2022,12/31/2069,0,"Eugene, OR Distribt.",,,
        US05,        US15,, ,01/02/2009,12/31/2069,0,"Eugene, OR Distribt.",,,yes
        US05,        US36,, ,02/24/2023,12/31/2069,0,"Eugene, OR Distribt.",,,no
        US13,        US01,,U13,06/13/2023,12/31/2069,0,"Serum, off-site warehouses",,,
        US13,        US40,,U13,09/28/2022,12/31/2069,0,"Serum, off-site warehouses",,,
        US15,        US05,, ,01/02/2009,12/31/2069,0,"Eugene, OR Manufact.",,,yes
        US23,        AU01,, ,02/19/2024,12/31/2069,350,"Pleasanton, CA (AB)",,,no
        US23,        CA01,, ,04/25/2025,12/31/2069,600,"Pleasanton, CA (AB)",,,no
        US23,        CN02,, ,06/20/2025,12/31/2069,260,"Pleasanton, CA (AB)",,,no
        US23,        CN04,, ,06/20/2025,12/31/2069,260,"Pleasanton, CA (AB)",,,no
        US23,        EU50,, ,03/05/2025,12/31/2069,330,"Pleasanton, CA (AB)",,,no
        US23,        GB01,, ,03/05/2025,12/31/2069,330,"Pleasanton, CA (AB)",,,no
        US23,        HK01,, ,08/22/2024,12/31/2069,450,"Pleasanton, CA (AB)",,,no
        US23,        IN01,, ,08/14/2020,12/31/2069,132,"Pleasanton, CA (AB)",,,no
        US23,        IN03,, ,09/29/2023,12/31/2069,132,"Pleasanton, CA (AB)",,,no
        US23,        IN04,, ,01/25/2021,12/31/2069,132,"Pleasanton, CA (AB)",,,no
        US23,        JP02,, ,03/05/2025,12/31/2069,250,"Pleasanton, CA (AB)",,,no
        US23,        KR01,, ,02/19/2024,12/31/2069,215,"Pleasanton, CA (AB)",,,no
        US23,        LT01,, ,02/09/2021,12/31/2069,100,"Pleasanton, CA (AB)",,,no
        US23,        NZ01,, ,02/27/2023,12/31/2069,200,"Pleasanton, CA (AB)",,,no
        US23,        SG05,, ,03/05/2025,12/31/2069,200,"Pleasanton, CA (AB)",,,no
        US23,        TW01,, ,08/04/2022,12/31/2069,195,"Pleasanton, CA (AB)",,,no
        US23,        US02,,U23,06/13/2023,12/31/2069,0,"Pleasanton, CA (AB)",,,
        US23,        US03,,U23,06/13/2023,12/31/2069,0,"Pleasanton, CA (AB)",,,
        US24,        AU01,, ,02/19/2024,12/31/2069,350,"Austin, TX (AB)",,,no
        US24,        CA01,, ,04/25/2025,12/31/2069,600,"Austin, TX (AB)",,,no
        US24,        CN02,, ,06/20/2025,12/31/2069,260,"Austin, TX (AB)",,,no
        US24,        CN04,, ,06/20/2025,12/31/2069,260,"Austin, TX (AB)",,,no
        US24,        HK01,, ,05/08/2025,12/31/2069,450,"Austin, TX (AB)",,,no
        US24,        IN01,,,08/15/2022,09/19/2024,132,"Austin, TX (AB)",,,
        US24,        IN03,, ,09/29/2023,12/31/2069,132,"Austin, TX (AB)",,,no
        US24,        IN04,, ,01/25/2021,12/31/2069,132,"Austin, TX (AB)",,,no
        US24,        KR01,, ,02/19/2024,12/31/2069,215,"Austin, TX (AB)",,,no
        US24,        NZ01,, ,02/27/2023,12/31/2069,150,"Austin, TX (AB)",,,no
        US24,        TW01,, ,08/04/2022,12/31/2069,195,"Austin, TX (AB)",,,no
        US24,        US02,,U24,06/13/2023,12/31/2069,0,"Austin, TX (AB)",,,
        US24,        US03,,U24,06/13/2023,12/31/2069,0,"Austin, TX (AB)",,,
        US24,        US40,, ,04/11/2025,12/31/2069,0,"Austin, TX (AB)",,,no
        US25,        AU01,, ,02/19/2024,12/31/2069,350,"Foster City, CA (Dual ERP)",,,no
        US25,        CN02,, ,06/20/2025,12/31/2069,260,"Foster City, CA (Dual ERP)",,,no
        US25,        CN04,, ,06/20/2025,12/31/2069,260,"Foster City, CA (Dual ERP)",,,no
        US25,        HK01,, ,08/22/2024,12/31/2069,450,"Foster City, CA (Dual ERP)",,,no
        US25,        IN01,,,06/13/2023,09/19/2024,132,"Foster City, CA (Dual ERP)",,,
        US25,        IN03,, ,09/29/2023,12/31/2069,132,"Foster City, CA (Dual ERP)",,,no
        US25,        IN04,, ,01/25/2021,12/31/2069,132,"Foster City, CA (Dual ERP)",,,no
        US25,        KR01,, ,02/19/2024,12/31/2069,215,"Foster City, CA (Dual ERP)",,,no
        US25,        KR03,, ,02/19/2024,12/31/2069,215,"Foster City, CA (Dual ERP)",,,no
        US25,        NZ01,, ,02/27/2023,12/31/2069,200,"Foster City, CA (Dual ERP)",,,no
        US25,        TW01,, ,08/04/2022,12/31/2069,195,"Foster City, CA (Dual ERP)",,,no
        US29,        CA01,, ,04/25/2025,12/31/2069,600,"Bedford, MA",,,no
        US29,        US02,,U29,06/13/2023,12/31/2069,0,"Bedford, MA",,,
        US29,        US03,,U29,06/13/2023,12/31/2069,0,"Bedford, MA",,,
        US34,        GB01,, ,03/05/2025,12/31/2069,330,"Detroit, MI",,,yes
        US34,        US01,,U34,02/03/2025,12/31/2069,0,"Detroit, MI",,,
        US34,        US02,,U34,06/13/2023,12/31/2069,0,"Detroit, MI",,,
        US34,        US35,, ,11/07/2019,12/31/2069,0,"Detroit, MI",,,yes
        US35,        GB01,, ,03/05/2025,12/31/2069,330,"Miami, FL",,,yes
        US35,        US01,, ,04/09/2020,12/31/2069,0,"Miami, FL",,,no
        US35,        US02,,U35,06/13/2023,12/31/2069,0,"Miami, FL",,,
        US35,        US34,, ,11/07/2019,12/31/2069,0,"Miami, FL",,,yes
        US35,        US40,,U35,02/14/2025,12/31/2069,0,"Miami, FL",,,
        US36,        US02,, ,02/24/2023,12/31/2069,0,"Frederick, MD CCX (E1 Only)",,,yes
        US36,        US40,, ,02/24/2023,12/31/2069,0,"Frederick, MD CCX (E1 Only)",,,yes
        US39,        AU01,, ,04/12/2024,12/31/2069,350,"Rockford, IL",,,yes
        US39,        CA01,, ,04/25/2025,12/31/2069,600,"Rockford, IL",,,yes
        US39,        CN02,, ,06/20/2025,12/31/2069,260,"Rockford, IL",,,yes
        US39,        CN04,, ,06/20/2025,12/31/2069,260,"Rockford, IL",,,yes
        US39,        EU50,, ,03/05/2025,12/31/2069,330,"Rockford, IL",,,yes
        US39,        GB01,, ,03/05/2025,12/31/2069,330,"Rockford, IL",,,yes
        US39,        HK01,, ,04/12/2024,12/31/2069,450,"Rockford, IL",,,yes
        US39,        IN01,, ,04/12/2024,12/31/2069,132,"Rockford, IL",,,yes
        US39,        IN03,, ,04/12/2024,12/31/2069,132,"Rockford, IL",,,yes
        US39,        JP02,, ,03/05/2025,12/31/2069,250,"Rockford, IL",,,yes
        US39,        KR01,, ,04/12/2024,12/31/2069,215,"Rockford, IL",,,yes
        US39,        KR03,, ,04/12/2024,12/31/2069,215,"Rockford, IL",,,yes
        US39,        LT02,, ,04/12/2024,12/31/2069,100,"Rockford, IL",,,yes
        US39,        NZ01,, ,04/12/2024,12/31/2069,200,"Rockford, IL",,,yes
        US39,        SG05,, ,03/05/2025,12/31/2069,200,"Rockford, IL",,,yes
        US39,        TW01,, ,04/12/2024,12/31/2069,195,"Rockford, IL",,,yes
        US39,        US01,, ,04/12/2024,12/31/2069,0,"Rockford, IL",,,yes
        US39,        US02,, ,04/12/2024,12/31/2069,0,"Rockford, IL",,,yes
        US39,        US03,, ,04/12/2024,12/31/2069,0,"Rockford, IL",,,yes
        US39,        US40,, ,04/12/2024,12/31/2069,0,"Rockford, IL",,,yes
        US40,        AU01,, ,02/19/2024,12/31/2069,350,East Coast Distribution Hub,,,no
        US40,        CA01,, ,04/25/2025,12/31/2069,600,East Coast Distribution Hub,,,no
        US40,        CN02,, ,06/20/2025,12/31/2069,260,East Coast Distribution Hub,,,yes
        US40,        CN03,, ,06/20/2025,12/31/2069,260,East Coast Distribution Hub,,,no
        US40,        CN04,, ,06/20/2025,12/31/2069,260,East Coast Distribution Hub,,,no
        US40,        CN05,, ,06/20/2025,12/31/2069,260,East Coast Distribution Hub,,,no
        US40,        CN71,, ,11/09/2022,12/31/2069,436,East Coast Distribution Hub,,,no
        US40,        CN72,, ,11/09/2022,12/31/2069,436,East Coast Distribution Hub,,,no
        US40,        EU50,, ,03/05/2025,12/31/2069,330,East Coast Distribution Hub,,,yes
        US40,        GB01,, ,03/05/2025,12/31/2069,330,East Coast Distribution Hub,,,no
        US40,        GB08,, ,03/05/2025,12/31/2069,330,East Coast Distribution Hub,,,no
        US40,        HK01,, ,08/22/2024,12/31/2069,450,East Coast Distribution Hub,,,no
        US40,        IN01,, ,10/15/2022,12/31/2069,132,East Coast Distribution Hub,,,no
        US40,        IN02,, ,10/15/2022,12/31/2069,132,East Coast Distribution Hub,,,yes
        US40,        IN03,, ,09/29/2023,12/31/2069,132,East Coast Distribution Hub,,,no
        US40,        IN04,, ,10/15/2022,12/31/2069,132,East Coast Distribution Hub,,,no
        US40,        JP01,, ,03/05/2025,12/31/2069,250,East Coast Distribution Hub,,,no
        US40,        JP02,, ,03/05/2025,12/31/2069,250,East Coast Distribution Hub,,,no
        US40,        JP03,, ,03/05/2025,12/31/2069,250,East Coast Distribution Hub,,,no
        US40,        KR01,, ,02/19/2024,12/31/2069,215,East Coast Distribution Hub,,,no
        US40,        KR03,, ,02/19/2024,12/31/2069,215,East Coast Distribution Hub,,,no
        US40,        LT01,, ,10/15/2022,12/31/2069,100,East Coast Distribution Hub,,,no
        US40,        LT02,, ,10/15/2022,12/31/2069,100,East Coast Distribution Hub,,,no
        US40,        NZ01,, ,02/27/2023,12/31/2069,200,East Coast Distribution Hub,,,no
        US40,        SG05,,,02/14/2025,12/31/2069,225,East Coast Distribution Hub,,,
        US40,        TW01,, ,10/15/2022,12/31/2069,195,East Coast Distribution Hub,,,no
        US40,        US00,, ,02/14/2025,12/31/2069,0,East Coast Distribution Hub,,,no
        US40,        US01,,U40,02/14/2025,12/31/2069,0,East Coast Distribution Hub,,,
        US40,        US02,,U40,08/01/2025,12/31/2069,0,East Coast Distribution Hub,,,
        US40,        US03,,U40,02/14/2025,12/31/2069,0,East Coast Distribution Hub,,,
        US40,        US04,,U40,09/28/2022,12/31/2069,0,East Coast Distribution Hub,,,
        US40,        US05,,U40,06/13/2023,12/31/2069,0,East Coast Distribution Hub,,,
        US40,        US15,, ,10/15/2022,12/31/2069,0,East Coast Distribution Hub,,,no
        US40,        US23,,U40,09/28/2022,12/31/2069,0,East Coast Distribution Hub,,,
        US40,        US36,, ,02/24/2023,12/31/2069,0,East Coast Distribution Hub,,,yes
        US40,        US39,, ,04/12/2024,12/31/2069,0,East Coast Distribution Hub,,,yes
